condition,description,title,brand,price,product_type,custom_label_0,timestamp
new,New 2024 GMC Terrain,New 2024 GMC Terrain SLE,GMC,29829 USD,SUV,Terrain,22-10-2024 22:31
new,New 2024 GMC Yukon XL,New 2024 GMC Yukon XL AT4,GMC,73767 USD,SUV,Yukon XL,31-03-2024 23:14
new,New 2024 GMC Sierra 1500,New 2024 GMC Sierra 1500 AT4X Crew Cab,GMC,72747 USD,Truck,Sierra 1500,29-08-2024 18:04
new,New 2024 GMC Sierra 1500,New 2024 GMC Sierra 1500 Denali Crew Cab,GMC,71895 USD,Truck,Sierra 1500,12-03-2024 21:24
new,New 2024 GMC Sierra 1500,New 2024 GMC Sierra 1500 Denali Crew Cab,GMC,71895 USD,Truck,Sierra 1500,31-03-2024 04:31
new,New 2024 GMC Sierra 2500 HD,New 2024 GMC Sierra 2500 HD Denali Crew Cab,GMC,71435 USD,Truck,Sierra 2500 HD,28-06-2024 18:01
new,New 2024 GMC Yukon XL,New 2024 GMC Yukon XL SLT,GMC,69666 USD,SUV,Yukon XL,17-03-2024 02:13
new,New 2024 GMC Sierra 1500,New 2024 GMC Sierra 1500 Denali Crew Cab,GMC,69153 USD,Truck,Sierra 1500,25-03-2024 11:51
new,New 2024 GMC Sierra 1500,New 2024 GMC Sierra 1500 Denali Crew Cab,GMC,67515 USD,Truck,Sierra 1500,25-05-2024 07:01
new,New 2024 GMC Sierra 1500,New 2024 GMC Sierra 1500 AT4 Crew Cab,GMC,64294 USD,Truck,Sierra 1500,13-03-2024 02:34
new,New 2024 GMC Sierra 1500,New 2024 GMC Sierra 1500 AT4 Crew Cab,GMC,63257 USD,Truck,Sierra 1500,27-12-2024 10:27
new,New 2024 GMC Sierra 1500,New 2024 GMC Sierra 1500 AT4 Crew Cab,GMC,63257 USD,Truck,Sierra 1500,10-12-2024 07:33
new,New 2024 GMC Sierra 1500,New 2024 GMC Sierra 1500 AT4 Crew Cab,GMC,62567 USD,Truck,Sierra 1500,09-06-2024 15:17
new,New 2024 GMC Sierra 1500,New 2024 GMC Sierra 1500 SLT Crew Cab,GMC,60392 USD,Truck,Sierra 1500,02-06-2024 02:43
new,New 2024 GMC Acadia,New 2024 GMC Acadia Denali,GMC,59386 USD,SUV,Acadia,16-11-2024 07:16
new,New 2024 GMC Acadia,New 2024 GMC Acadia Denali,GMC,57810 USD,SUV,Acadia,10-03-2024 12:28
new,New 2024 GMC Yukon XL,New 2024 GMC Yukon XL AT4,GMC,74597 USD,SUV,Yukon XL,19-10-2024 01:48
new,New 2024 GMC Sierra 1500,New 2024 GMC Sierra 1500 Elevation Crew Cab,GMC,57395 USD,Truck,Sierra 1500,12-02-2024 04:31
new,New 2024 GMC Sierra 1500,New 2024 GMC Sierra 1500 Denali Ultimate Crew Cab,GMC,76528 USD,Truck,Sierra 1500,29-01-2024 01:04
new,New 2024 GMC Sierra 2500 HD,New 2024 GMC Sierra 2500 HD AT4 Crew Cab,GMC,78356 USD,Truck,Sierra 2500 HD,28-01-2024 23:18
new,New 2024 GMC Yukon XL,New 2024 GMC Yukon XL Denali Ultimate,GMC,95662 USD,SUV,Yukon XL,10-04-2024 06:20
new,New 2024 GMC Sierra 2500 HD,New 2024 GMC Sierra 2500 HD AT4X Crew Cab,GMC,94158 USD,Truck,Sierra 2500 HD,23-01-2024 01:19
new,New 2024 GMC Yukon,New 2024 GMC Yukon Denali Ultimate,GMC,92429 USD,SUV,Yukon,12-06-2024 02:39
new,New 2024 GMC Sierra 3500 HD,New 2024 GMC Sierra 3500 HD Denali Ultimate Crew Cab,GMC,91570 USD,Truck,Sierra 3500 HD,16-05-2024 01:37
new,New 2024 GMC Sierra 2500 HD,New 2024 GMC Sierra 2500 HD Denali Ultimate Crew Cab,GMC,87565 USD,Truck,Sierra 2500 HD,26-03-2024 05:38
new,New 2024 GMC Sierra 2500 HD,New 2024 GMC Sierra 2500 HD Denali Ultimate Crew Cab,GMC,87133 USD,Truck,Sierra 2500 HD,03-04-2024 09:38
new,New 2024 GMC Yukon,New 2024 GMC Yukon Denali,GMC,85088 USD,SUV,Yukon,13-01-2024 16:26
new,New 2024 GMC Yukon XL,New 2024 GMC Yukon XL Denali,GMC,82838 USD,SUV,Yukon XL,18-07-2024 01:46
new,New 2024 GMC Sierra 2500 HD,New 2024 GMC Sierra 2500 HD Denali Crew Cab,GMC,81972 USD,Truck,Sierra 2500 HD,06-08-2024 06:27
new,New 2024 GMC Sierra 3500 HD,New 2024 GMC Sierra 3500 HD Denali Crew Cab,GMC,81520 USD,Truck,Sierra 3500 HD,17-04-2024 15:07
new,New 2024 GMC Sierra 3500 HD,New 2024 GMC Sierra 3500 HD Denali Crew Cab,GMC,81360 USD,Truck,Sierra 3500 HD,21-02-2024 09:28
new,New 2024 GMC Sierra 2500 HD,New 2024 GMC Sierra 2500 HD Denali Crew Cab,GMC,81298 USD,Truck,Sierra 2500 HD,17-05-2024 22:48
new,New 2024 GMC Yukon XL,New 2024 GMC Yukon XL Denali,GMC,80981 USD,SUV,Yukon XL,08-05-2024 10:08
new,New 2024 GMC Sierra 2500 HD,New 2024 GMC Sierra 2500 HD Denali Crew Cab,GMC,80582 USD,Truck,Sierra 2500 HD,05-05-2024 08:12
new,New 2024 GMC Sierra 3500 HD,New 2024 GMC Sierra 3500 HD Denali Crew Cab,GMC,80253 USD,Truck,Sierra 3500 HD,12-05-2024 00:57
new,New 2024 GMC Sierra 1500,New 2024 GMC Sierra 1500 Denali Ultimate Crew Cab,GMC,76543 USD,Truck,Sierra 1500,15-07-2024 23:06
new,New 2024 GMC Sierra 1500,New 2024 GMC Sierra 1500 Elevation Crew Cab,GMC,56622 USD,Truck,Sierra 1500,13-10-2024 06:35
new,New 2024 GMC Sierra 2500 HD,New 2024 GMC Sierra 2500 HD Denali Crew Cab,GMC,83875 USD,Truck,Sierra 2500 HD,05-09-2024 10:42
new,New 2024 GMC Sierra 1500,New 2024 GMC Sierra 1500 Elevation Double Cab,GMC,54795 USD,Truck,Sierra 1500,11-05-2024 13:37
new,New 2024 GMC Sierra 1500,New 2024 GMC Sierra 1500 Elevation Double Cab,GMC,45987 USD,Truck,Sierra 1500,16-08-2024 13:59
new,New 2024 GMC Acadia,New 2024 GMC Acadia Elevation,GMC,44640 USD,SUV,Acadia,13-10-2024 17:32
new,New 2024 GMC Acadia,New 2024 GMC Acadia Elevation,GMC,44045 USD,SUV,Acadia,12-12-2024 01:08
new,New 2024 GMC Acadia,New 2024 GMC Acadia Elevation,GMC,43346 USD,SUV,Acadia,26-04-2024 17:31
new,New 2024 GMC Canyon,New 2024 GMC Canyon Elevation Crew Cab,GMC,43307 USD,Truck,Canyon,28-06-2024 10:58
new,New 2024 GMC Canyon,New 2024 GMC Canyon AT4 Crew Cab,GMC,42421 USD,Truck,Canyon,19-10-2024 23:15
new,New 2024 GMC Acadia,New 2024 GMC Acadia Elevation,GMC,42082 USD,SUV,Acadia,22-07-2024 11:57
new,New 2024 GMC Canyon,New 2024 GMC Canyon Elevation Crew Cab,GMC,38533 USD,Truck,Canyon,24-05-2024 03:34
new,New 2024 GMC Sierra 1500,New 2024 GMC Sierra 1500 Pro Regular Cab,GMC,37867 USD,Truck,Sierra 1500,21-11-2024 10:56
new,New 2023 GMC Canyon,New 2023 GMC Canyon Elevation Crew Cab,GMC,35790 USD,Truck,Canyon,12-05-2024 20:33
new,New 2024 GMC Terrain,New 2024 GMC Terrain SLE,GMC,34710 USD,SUV,Terrain,27-11-2024 06:19
new,New 2024 GMC Terrain,New 2024 GMC Terrain SLT,GMC,31482 USD,SUV,Terrain,27-07-2024 17:29
new,New 2024 GMC Terrain,New 2024 GMC Terrain SLE,GMC,29960 USD,SUV,Terrain,11-10-2024 01:51
new,New 2024 GMC Terrain,New 2024 GMC Terrain SLE,GMC,29829 USD,SUV,Terrain,25-03-2024 10:04
new,New 2024 GMC Sierra 1500,New 2024 GMC Sierra 1500 Elevation Crew Cab,GMC,56491 USD,Truck,Sierra 1500,17-05-2024 11:52
new,New 2024 GMC Sierra 1500,New 2024 GMC Sierra 1500 Elevation Double Cab,GMC,46245 USD,Truck,Sierra 1500,11-09-2024 15:21
new,New 2024 GMC Sierra 1500,New 2024 GMC Sierra 1500 Elevation Double Cab,GMC,46419 USD,Truck,Sierra 1500,03-10-2024 17:24
new,New 2024 GMC Terrain,New 2024 GMC Terrain SLE,GMC,31605 USD,SUV,Terrain,29-07-2024 04:43
new,New 2024 GMC Sierra 1500,New 2024 GMC Sierra 1500 SLE Crew Cab,GMC,47800 USD,Truck,Sierra 1500,23-03-2024 10:51
new,New 2024 GMC Sierra 1500,New 2024 GMC Sierra 1500 Elevation Crew Cab,GMC,54575 USD,Truck,Sierra 1500,17-09-2024 07:41
new,New 2024 GMC Sierra 1500,New 2024 GMC Sierra 1500 Pro Regular Cab,GMC,47005 USD,Truck,Sierra 1500,15-07-2024 15:03
new,New 2024 GMC Sierra 1500,New 2024 GMC Sierra 1500 Elevation Crew Cab,GMC,54483 USD,Truck,Sierra 1500,09-10-2024 13:33
new,New 2024 GMC Sierra 2500 HD,New 2024 GMC Sierra 2500 HD SLE Double Cab,GMC,53412 USD,Truck,Sierra 2500 HD,04-11-2024 04:11
new,New 2024 GMC Sierra 1500,New 2024 GMC Sierra 1500 Elevation Crew Cab,GMC,50156 USD,Truck,Sierra 1500,30-03-2024 04:49
new,New 2024 GMC Sierra 1500,New 2024 GMC Sierra 1500 Elevation Crew Cab,GMC,49084 USD,Truck,Sierra 1500,02-06-2024 09:57
new,New 2024 GMC Sierra 1500,New 2024 GMC Sierra 1500 Elevation Crew Cab,GMC,48915 USD,Truck,Sierra 1500,15-09-2024 08:37
new,New 2024 GMC Sierra 1500,New 2024 GMC Sierra 1500 Elevation Crew Cab,GMC,48784 USD,Truck,Sierra 1500,17-01-2024 00:56
new,New 2024 GMC Acadia,New 2024 GMC Acadia AT4,GMC,50969 USD,SUV,Acadia,12-02-2024 02:52
new,New 2024 GMC Sierra 1500,New 2024 GMC Sierra 1500 Elevation Crew Cab,GMC,48784 USD,Truck,Sierra 1500,13-02-2024 15:18
new,New 2024 GMC Sierra 1500,New 2024 GMC Sierra 1500 Elevation Crew Cab,GMC,48784 USD,Truck,Sierra 1500,30-08-2024 09:08
new,New 2024 GMC Sierra 1500,New 2024 GMC Sierra 1500 Elevation Crew Cab,GMC,48768 USD,Truck,Sierra 1500,19-04-2024 02:32
new,New 2024 GMC Acadia,New 2024 GMC Acadia AT4,GMC,48051 USD,SUV,Acadia,27-06-2024 15:01
new,New 2024 GMC Sierra 1500,New 2024 GMC Sierra 1500 Elevation Crew Cab,GMC,48768 USD,Truck,Sierra 1500,10-06-2024 17:28
new,New 2024 GMC Sierra 1500,New 2024 GMC Sierra 1500 Elevation Crew Cab,GMC,48609 USD,Truck,Sierra 1500,13-03-2024 14:40
new,New 2024 GMC Sierra 1500,New 2024 GMC Sierra 1500 Elevation Crew Cab,GMC,48784 USD,Truck,Sierra 1500,06-02-2024 09:28
new,New 2024 GMC Sierra 1500,New 2024 GMC Sierra 1500 Elevation Crew Cab,GMC,48609 USD,Truck,Sierra 1500,07-08-2024 15:10
cpo,Certified 2023 GMC Yukon XL,Certified Pre-Owned 2023 GMC Yukon XL SLT,GMC,64734 USD,SUV,Yukon XL,15-09-2024 04:20
used,Used 2021 GMC Sierra 1500,Pre-Owned 2021 GMC Sierra 1500 SLE Crew Cab,GMC,37212 USD,Truck,Sierra 1500,02-08-2024 05:27
used,Used 2021 Toyota Highlander,Pre-Owned 2021 Toyota Highlander XLE,Toyota,32911 USD,SUV,Highlander,19-11-2024 11:30
used,Used 2021 Cadillac XT5,Pre-Owned 2021 Cadillac XT5 Premium Luxury,Cadillac,33309 USD,SUV,XT5,21-05-2024 02:56
used,Used 2019 Ram 1500,Pre-Owned 2019 Ram 1500 Laramie Crew Cab,Ram,33343 USD,Truck,1500,06-11-2024 23:33
used,Used 2015 Chevrolet Silverado 3500HD,Pre-Owned 2015 Chevrolet Silverado 3500HD LTZ Crew Cab,Chevrolet,34000 USD,Truck,Silverado 3500HD,17-09-2024 17:50
used,Used 2021 Chevrolet Silverado 1500,Pre-Owned 2021 Chevrolet Silverado 1500 LT Crew Cab,Chevrolet,35698 USD,Truck,Silverado 1500,12-03-2024 01:25
used,Used 2021 Cadillac XT5,Pre-Owned 2021 Cadillac XT5 Premium Luxury,Cadillac,34270 USD,SUV,XT5,06-06-2024 20:55
used,Used 2022 GMC Sierra 1500 Limited,Pre-Owned 2022 GMC Sierra 1500 Limited Elevation Double Cab,GMC,35062 USD,Truck,Sierra 1500 Limited,01-08-2024 12:53
used,Used 2023 Chevrolet Traverse,Pre-Owned 2023 Chevrolet Traverse LT Leather,Chevrolet,35890 USD,SUV,Traverse,10-07-2024 20:40
used,Used 2021 Chevrolet Blazer,Pre-Owned 2021 Chevrolet Blazer RS,Chevrolet,35982 USD,SUV,Blazer,22-12-2024 09:15
used,Used 2022 Buick Enclave,Pre-Owned 2022 Buick Enclave Avenir,Buick,36784 USD,SUV,Enclave,02-01-2024 09:18
used,Used 2021 Chevrolet Silverado 1500,Pre-Owned 2021 Chevrolet Silverado 1500 Custom Trail Boss Crew Cab,Chevrolet,34030 USD,Truck,Silverado 1500,29-02-2024 15:22
used,Used 2019 GMC Canyon,Pre-Owned 2019 GMC Canyon 4WD All Terrain w/Leather 4WD Crew Cab 1283 All Terrain wLeather,GMC,32780 USD,Truck,Canyon,27-05-2024 20:45
used,Used 2018 Toyota 4Runner,Pre-Owned 2018 Toyota 4Runner SR5 Premium,Toyota,30949 USD,SUV,4Runner,22-03-2024 16:50
used,Used 2020 Cadillac XT5,Pre-Owned 2020 Cadillac XT5 Premium Luxury,Cadillac,32415 USD,SUV,XT5,03-03-2024 12:36
used,Used 2022 Ram 1500,Pre-Owned 2022 Ram 1500 Big Horn,Ram,32386 USD,Truck,1500,04-07-2024 05:36
used,Used 2021 Buick Enclave,Pre-Owned 2021 Buick Enclave Essence,Buick,32354 USD,SUV,Enclave,26-01-2024 15:15
used,Used 2021 GMC Sierra 1500,Pre-Owned 2021 GMC Sierra 1500 SLT Crew Cab,GMC,31707 USD,Truck,Sierra 1500,18-05-2024 01:58
used,Used 2021 Buick Enclave,Pre-Owned 2021 Buick Enclave Essence,Buick,31280 USD,SUV,Enclave,18-03-2024 11:44
used,Used 2020 Ram 1500,Pre-Owned 2020 Ram 1500 Big Horn/Lone Star Crew Cab,Ram,31255 USD,Truck,1500,17-10-2024 23:32
used,Used 2022 GMC Acadia,Pre-Owned 2022 GMC Acadia AT4,GMC,30670 USD,SUV,Acadia,22-11-2024 14:59
used,Used 2021 Ram 1500,Pre-Owned 2021 Ram 1500 Big Horn/Lone Star Crew Cab,Ram,30651 USD,Truck,1500,04-03-2024 07:40
used,Used 2021 Buick Enclave,Pre-Owned 2021 Buick Enclave Essence,Buick,30227 USD,SUV,Enclave,01-11-2024 04:07
used,Used 2024 GMC Terrain,Pre-Owned 2024 GMC Terrain SLT,GMC,30000 USD,SUV,Terrain,07-10-2024 22:39
used,Used 2021 GMC Acadia,Pre-Owned 2021 GMC Acadia AT4,GMC,29894 USD,SUV,Acadia,11-09-2024 08:48
used,Used 2021 GMC Sierra 1500,Pre-Owned 2021 GMC Sierra 1500 Denali Crew Cab,GMC,38000 USD,Truck,Sierra 1500,22-10-2024 18:02
used,Used 2020 Honda Odyssey,Pre-Owned 2020 Honda Odyssey EX-L,Honda,28873 USD,Minivan,Odyssey,13-12-2024 01:03
used,Used 2021 Buick Enclave,Pre-Owned 2021 Buick Enclave Essence,Buick,32501 USD,SUV,Enclave,11-05-2024 20:25
used,Used 2019 GMC Sierra 1500,Pre-Owned 2019 GMC Sierra 1500 Denali Crew Cab,GMC,38324 USD,Truck,Sierra 1500,16-06-2024 08:32
used,Used 2022 GMC Yukon,Pre-Owned 2022 GMC Yukon Denali,GMC,65000 USD,SUV,Yukon,08-09-2024 04:13
used,Used 2024 GMC Savana 2500,Pre-Owned 2024 GMC Savana 2500 Work Van,GMC,40000 USD,Other,Savana 2500,30-11-2024 01:08
used,Used 2023 Buick Envision,Pre-Owned 2023 Buick Envision Preferred,Buick,28837 USD,SUV,Envision,18-05-2024 18:00
used,Used 2024 GMC Sierra 3500HD,Pre-Owned 2024 GMC Sierra 3500HD Denali Ultimate Crew Cab,GMC,88297 USD,Truck,Sierra 3500HD,25-06-2024 09:11
used,Used 2023 GMC Sierra 2500 HD,Pre-Owned 2023 GMC Sierra 2500 HD AT4 Crew Cab,GMC,62321 USD,Truck,Sierra 2500 HD,12-02-2024 05:49
used,Used 2013 International Workstar,Pre-Owned 2013 International Workstar 7500,International,60000 USD,Truck,Workstar,09-08-2024 04:47
used,Used 2021 Chevrolet Silverado 3500 HD,Pre-Owned 2021 Chevrolet Silverado 3500 HD LTZ Crew Cab,Chevrolet,59166 USD,Truck,Silverado 3500 HD,15-05-2024 01:21
used,Used 2023 GMC Sierra 2500HD,Pre-Owned 2023 GMC Sierra 2500HD SLE Double Cab,GMC,58000 USD,Truck,Sierra 2500HD,03-12-2024 15:32
used,Used 2022 Chevrolet Silverado 1500,Pre-Owned 2022 Chevrolet Silverado 1500 ZR2 Crew Cab,Chevrolet,56020 USD,Truck,Silverado 1500,12-08-2024 23:22
used,Used 2020 Chevrolet Silverado 3500HD,Pre-Owned 2020 Chevrolet Silverado 3500HD LTZ Crew Cab,Chevrolet,55421 USD,Truck,Silverado 3500HD,09-09-2024 20:48
used,Used 2022 Toyota Tundra Hybrid,Pre-Owned 2022 Toyota Tundra Hybrid 1794 Edition Crew Cab,Toyota,54977 USD,Truck,Tundra Hybrid,24-11-2024 06:23
used,Used 2021 GMC Yukon,Pre-Owned 2021 GMC Yukon AT4,GMC,52444 USD,SUV,Yukon,17-10-2024 05:52
used,Used 2022 Jeep Wagoneer,Pre-Owned 2022 Jeep Wagoneer Series III,Jeep,52158 USD,SUV,Wagoneer,24-10-2024 07:14
used,Used 2020 GMC Sierra 3500HD,Pre-Owned 2020 GMC Sierra 3500HD SLT Crew Cab,GMC,52000 USD,Truck,Sierra 3500HD,03-12-2024 21:56
used,Used 2023 Jeep Grand Cherokee,Pre-Owned 2023 Jeep Grand Cherokee Summit,Jeep,45936 USD,SUV,Grand Cherokee,31-10-2024 20:31
used,Used 2023 Chevrolet Silverado 1500,Pre-Owned 2023 Chevrolet Silverado 1500 RST Crew Cab,Chevrolet,44149 USD,Truck,Silverado 1500,05-10-2024 20:12
used,Used 2020 GMC Sierra 1500,Pre-Owned 2020 GMC Sierra 1500 AT4 Crew Cab,GMC,42252 USD,Truck,Sierra 1500,03-02-2024 18:29
used,Used 2023 GMC Sierra 1500,Pre-Owned 2023 GMC Sierra 1500 Elevation Double Cab,GMC,40810 USD,Truck,Sierra 1500,27-05-2024 04:32
used,Used 2022 Chevrolet Silverado 1500,Pre-Owned 2022 Chevrolet Silverado 1500 RST Crew Cab,Chevrolet,40000 USD,Truck,Silverado 1500,03-06-2024 03:07
used,Used 2021 Chevrolet Silverado 1500,Pre-Owned 2021 Chevrolet Silverado 1500 RST Crew Cab,Chevrolet,39000 USD,Truck,Silverado 1500,05-06-2024 15:25
used,Used 2022 Ford Bronco Sport,Pre-Owned 2022 Ford Bronco Sport Badlands,Ford,28640 USD,SUV,Bronco Sport,06-05-2024 19:07
used,Used 2021 GMC Terrain,Pre-Owned 2021 GMC Terrain SLE,GMC,21056 USD,SUV,Terrain,18-01-2024 00:58
used,Used 2020 Chevrolet Blazer,Pre-Owned 2020 Chevrolet Blazer RS,Chevrolet,26940 USD,SUV,Blazer,25-03-2024 01:29
used,Used 2023 Chevrolet Malibu,Pre-Owned 2023 Chevrolet Malibu LT,Chevrolet,21627 USD,Sedan,Malibu,19-11-2024 22:57
used,Used 2018 Buick Enclave,Pre-Owned 2018 Buick Enclave Premium Group,Buick,21520 USD,SUV,Enclave,25-08-2024 03:10
used,Used 2020 Chevrolet Blazer,Pre-Owned 2020 Chevrolet Blazer LT,Chevrolet,21456 USD,SUV,Blazer,06-10-2024 20:11
used,Used 2020 GMC Terrain,Pre-Owned 2020 GMC Terrain SLE,GMC,21000 USD,SUV,Terrain,12-03-2024 08:29
used,Used 2019 INFINITI QX60,Pre-Owned 2019 INFINITI QX60 LUXE,INFINITI,20903 USD,SUV,QX60,14-09-2024 23:17
used,Used 2018 Ram 1500,Pre-Owned 2018 Ram 1500 Big Horn Crew Cab,Ram,20806 USD,Truck,1500,19-08-2024 10:10
used,Used 2021 Chevrolet Equinox,Pre-Owned 2021 Chevrolet Equinox LT,Chevrolet,20780 USD,SUV,Equinox,08-02-2024 16:59
used,Used 2021 Chevrolet Equinox,Pre-Owned 2021 Chevrolet Equinox LT,Chevrolet,20602 USD,SUV,Equinox,28-05-2024 06:38
used,Used 2021 Chevrolet Equinox,Pre-Owned 2021 Chevrolet Equinox LT,Chevrolet,20526 USD,SUV,Equinox,07-09-2024 12:51
used,Used 2021 Chevrolet Equinox,Pre-Owned 2021 Chevrolet Equinox LT,Chevrolet,20317 USD,SUV,Equinox,01-11-2024 00:27
used,Used 2021 Chevrolet Equinox,Pre-Owned 2021 Chevrolet Equinox LT,Chevrolet,20049 USD,SUV,Equinox,11-04-2024 21:17
used,Used 2021 GMC Terrain,Pre-Owned 2021 GMC Terrain SLE,GMC,19936 USD,SUV,Terrain,17-05-2024 00:57
used,Used 2021 Chevrolet Equinox,Pre-Owned 2021 Chevrolet Equinox LT,Chevrolet,21852 USD,SUV,Equinox,11-01-2024 01:48
used,Used 2017 Ford Explorer,Pre-Owned 2017 Ford Explorer XLT,Ford,19035 USD,SUV,Explorer,27-05-2024 09:39
used,Used 2021 Chevrolet Equinox,Pre-Owned 2021 Chevrolet Equinox LT,Chevrolet,18539 USD,SUV,Equinox,28-11-2024 12:08
used,Used 2020 Buick Encore GX,Pre-Owned 2020 Buick Encore GX Select,Buick,18300 USD,SUV,Encore GX,03-11-2024 17:03
used,Used 2020 Chevrolet Equinox,Pre-Owned 2020 Chevrolet Equinox LT,Chevrolet,18000 USD,SUV,Equinox,23-09-2024 22:07
used,Used 2021 Mazda CX-30,Pre-Owned 2021 Mazda CX-30 Select,Mazda,17875 USD,SUV,CX-30,06-11-2024 22:01
used,Used 2021 Chevrolet Trax,Pre-Owned 2021 Chevrolet Trax LT,Chevrolet,17723 USD,SUV,Trax,24-11-2024 15:35
used,Used 2018 Chrysler Pacifica,Pre-Owned 2018 Chrysler Pacifica Touring L Plus,Chrysler,16574 USD,Van,Pacifica,14-06-2024 23:00
used,Used 2018 Ford Escape,Pre-Owned 2018 Ford Escape SE,Ford,16009 USD,SUV,Escape,21-05-2024 16:22
used,Used 2019 Subaru Outback,Pre-Owned 2019 Subaru Outback 2.5i,Subaru,14279 USD,Wagon,Outback,06-10-2024 15:55
used,Used 2014 Chevrolet Traverse,Pre-Owned 2014 Chevrolet Traverse LT,Chevrolet,11671 USD,SUV,Traverse,18-03-2024 23:15
used,Used 2012 Ram 1500,Pre-Owned 2012 Ram 1500 Express Standard Cab,Ram,10000 USD,Truck,1500,27-10-2024 03:21
used,Used 2014 Cadillac SRX,Pre-Owned 2014 Cadillac SRX Luxury,Cadillac,10000 USD,SUV,SRX,12-09-2024 10:58
used,Used 2013 Chrysler Town & Country,Pre-Owned 2013 Chrysler Town & Country Touring-L,Chrysler,8507 USD,Minivan,Town & Country,12-09-2024 16:59
used,Used 2011 Honda CR-V,Pre-Owned 2011 Honda CR-V EX-L,Honda,7809 USD,SUV,CR-V,14-07-2024 06:45
used,Used 2018 Cadillac XT5,Pre-Owned 2018 Cadillac XT5 FWD,Cadillac,18797 USD,SUV,XT5,19-10-2024 11:50
used,Used 2018 GMC Sierra 1500,Pre-Owned 2018 GMC Sierra 1500 SLT Crew Cab,GMC,28244 USD,Truck,Sierra 1500,03-05-2024 23:51
used,Used 2021 Chevrolet Equinox,Pre-Owned 2021 Chevrolet Equinox LT,Chevrolet,21934 USD,SUV,Equinox,30-07-2024 00:30
used,Used 2021 Chevrolet Equinox,Pre-Owned 2021 Chevrolet Equinox LT,Chevrolet,22118 USD,SUV,Equinox,21-01-2024 20:42
used,Used 2019 GMC Acadia,Pre-Owned 2019 GMC Acadia Denali,GMC,26918 USD,SUV,Acadia,03-01-2024 11:11
used,Used 2021 GMC Canyon,Pre-Owned 2021 GMC Canyon Elevation Standard,GMC,26743 USD,Truck,Canyon,08-01-2024 02:39
used,Used 2015 Cadillac Escalade,Pre-Owned 2015 Cadillac Escalade Luxury,Cadillac,26699 USD,SUV,Escalade,25-05-2024 18:21
used,Used 2021 Chevrolet Blazer,Pre-Owned 2021 Chevrolet Blazer LT,Chevrolet,26525 USD,SUV,Blazer,13-11-2024 09:26
used,Used 2020 Chevrolet Silverado 1500,Pre-Owned 2020 Chevrolet Silverado 1500 Custom Crew Cab,Chevrolet,26379 USD,Truck,Silverado 1500,18-11-2024 10:37
used,Used 2022 GMC Terrain,Pre-Owned 2022 GMC Terrain AT4,GMC,26228 USD,SUV,Terrain,29-11-2024 23:14
used,Used 2019 Toyota Highlander,Pre-Owned 2019 Toyota Highlander SE,Toyota,25713 USD,SUV,Highlander,27-01-2024 20:03
used,Used 2019 Ford Explorer,Pre-Owned 2019 Ford Explorer XLT,Ford,25442 USD,SUV,Explorer,14-09-2024 18:26
used,Used 2023 Buick Encore GX,Pre-Owned 2023 Buick Encore GX Select,Buick,25324 USD,SUV,Encore GX,21-11-2024 09:19
used,Used 2021 Chevrolet Blazer,Pre-Owned 2021 Chevrolet Blazer LT,Chevrolet,25254 USD,SUV,Blazer,15-09-2024 00:41
used,Used 2022 Chrysler Pacifica,Pre-Owned 2022 Chrysler Pacifica Touring L,Chrysler,25055 USD,Van,Pacifica,21-08-2024 19:22
used,Used 2022 Chrysler Pacifica,Pre-Owned 2022 Chrysler Pacifica Touring L,Chrysler,25000 USD,Van,Pacifica,09-01-2024 05:17
used,Used 2021 Chevrolet Blazer,Pre-Owned 2021 Chevrolet Blazer LT,Chevrolet,24804 USD,SUV,Blazer,01-08-2024 04:33
used,Used 2021 Subaru Crosstrek,Pre-Owned 2021 Subaru Crosstrek Premium,Subaru,21950 USD,SUV,Crosstrek,07-01-2024 18:30
used,Used 2022 Chrysler Pacifica,Pre-Owned 2022 Chrysler Pacifica Touring L,Chrysler,24667 USD,Van,Pacifica,28-03-2024 15:55
used,Used 2021 Buick Envision,Pre-Owned 2021 Buick Envision Preferred,Buick,24456 USD,SUV,Envision,27-08-2024 11:16
used,Used 2017 Ford F-150,Pre-Owned 2017 Ford F-150 XLT,Ford,24087 USD,Truck,F-150,25-08-2024 16:39
used,Used 2016 Chevrolet Silverado 1500,Pre-Owned 2016 Chevrolet Silverado 1500 LTZ 4WD Crew Cab 1435 LTZ w1LZ,Chevrolet,23500 USD,Truck,Silverado 1500,29-11-2024 12:18
used,Used 2020 GMC Sierra 1500,Pre-Owned 2020 GMC Sierra 1500 SLE Crew Cab,GMC,23313 USD,Truck,Sierra 1500,14-07-2024 23:21
used,Used 2022 Ford Edge,Pre-Owned 2022 Ford Edge SEL,Ford,23293 USD,SUV,Edge,15-07-2024 20:29
used,Used 2021 Chevrolet Equinox,Pre-Owned 2021 Chevrolet Equinox LT,Chevrolet,23105 USD,SUV,Equinox,17-03-2024 17:39
used,Used 2021 Chevrolet Blazer,Pre-Owned 2021 Chevrolet Blazer 3LT,Chevrolet,23067 USD,SUV,Blazer,05-10-2024 21:39
used,Used 2016 Chevrolet Suburban,Pre-Owned 2016 Chevrolet Suburban LT,Chevrolet,23000 USD,SUV,Suburban,08-07-2024 09:26
used,Used 2018 GMC Sierra 1500,Pre-Owned 2018 GMC Sierra 1500 SLT Crew Cab,GMC,22719 USD,Truck,Sierra 1500,24-03-2024 15:27
used,Used 2022 Buick Encore GX,Pre-Owned 2022 Buick Encore GX Preferred,Buick,22606 USD,SUV,Encore GX,25-11-2024 15:44
used,Used 2020 Toyota RAV4,Pre-Owned 2020 Toyota RAV4 XLE,Toyota,22556 USD,SUV,RAV4,04-09-2024 22:12
used,Used 2021 Chevrolet Equinox,Pre-Owned 2021 Chevrolet Equinox LT,Chevrolet,22233 USD,SUV,Equinox,06-11-2024 15:30
used,Used 2020 Ford Edge,Pre-Owned 2020 Ford Edge SEL,Ford,22145 USD,SUV,Edge,19-03-2024 00:17
used,Used 2022 GMC Terrain,Pre-Owned 2022 GMC Terrain SLE,GMC,24498 USD,SUV,Terrain,13-08-2024 02:12
cpo,CPO 2017 Ford F-150,Pre-Owned 2017 Ford F-150 XLT,Ford,24087 USD,Truck,F-150,02-04-2024 12:03
cpo,Used 2016 Chevrolet Silverado 1500,Pre-Owned 2016 Chevrolet Silverado 1500 LTZ 4WD Crew Cab 1435 LTZ w1LZ,Chevrolet,23500 USD,Truck,Silverado 1500,16-03-2024 08:59
cpo,Used 2020 GMC Sierra 1500,Pre-Owned 2020 GMC Sierra 1500 SLE Crew Cab,GMC,23313 USD,Truck,Sierra 1500,02-04-2024 08:16
cpo,Used 2022 Ford Edge,Pre-Owned 2022 Ford Edge SEL,Ford,23293 USD,SUV,Edge,04-11-2024 01:14
cpo,Used 2021 Chevrolet Equinox,Pre-Owned 2021 Chevrolet Equinox LT,Chevrolet,23105 USD,SUV,Equinox,22-05-2024 00:21
cpo,Used 2021 Chevrolet Blazer,Pre-Owned 2021 Chevrolet Blazer 3LT,Chevrolet,23067 USD,SUV,Blazer,30-03-2024 12:11
cpo,Used 2016 Chevrolet Suburban,Pre-Owned 2016 Chevrolet Suburban LT,Chevrolet,23000 USD,SUV,Suburban,30-03-2024 20:52
cpo,Used 2018 GMC Sierra 1500,Pre-Owned 2018 GMC Sierra 1500 SLT Crew Cab,GMC,22719 USD,Truck,Sierra 1500,01-01-2024 13:02
cpo,Used 2022 Buick Encore GX,Pre-Owned 2022 Buick Encore GX Preferred,Buick,22606 USD,SUV,Encore GX,12-05-2024 07:55
cpo,Used 2020 Toyota RAV4,Pre-Owned 2020 Toyota RAV4 XLE,Toyota,22556 USD,SUV,RAV4,06-03-2024 00:49
cpo,Used 2021 Chevrolet Equinox,Pre-Owned 2021 Chevrolet Equinox LT,Chevrolet,22233 USD,SUV,Equinox,26-04-2024 19:07
cpo,Used 2020 Ford Edge,Pre-Owned 2020 Ford Edge SEL,Ford,22145 USD,SUV,Edge,13-04-2024 06:52
cpo,Used 2022 GMC Terrain,Pre-Owned 2022 GMC Terrain SLE,GMC,24498 USD,SUV,Terrain,21-06-2024 04:10